NAME,25th,75th,Total
Harvey Mudd College,1490,1560,2000
Franklin W. Olin College of Engineering,1460,1550,2000
Princeton University,1440,1570,2000
Harvard University,1460,1580,2000
Columbia University,1450,1560,2000
Massachusetts Institute of Technology,1500,1570,2000
Yale University,1460,1570,2000
Williams College,1410,1550,2000
University of Chicago,1470,1570,2000
Stanford University,1420,1570,2000
University of Pennsylvania,1420,1550,2000
Webb Institute,1400,1550,2000
California Institute of Technology,1530,1580,2000
Johns Hopkins University,1450,1560,2000
Northwestern University,1430,1550,2000
Pomona College,1400,1540,2000
Duke University,1450,1570,2000
Dartmouth College,1420,1560,2000
Swarthmore College,1380,1550,2000
Vanderbilt University,1450,1560,2000
Brown University,1420,1550,2000
Washington University in St. Louis,1470,1570,2000
Rice University,1450,1560,2000
Cornell University,1390,1540,2000
University of Notre Dame,1400,1550,2000
University of California--Los Angeles,1290,1520,2000
Emory University,1350,1520,2000
Grinnell College,1370,1530,2000
University of California--Berkeley,1320,1530,2000
Haverford College,1370,1530,2000
Georgetown University,1370,1530,2000
University of Southern California,1350,1530,2000
University of Michigan--Ann Arbor,1330,1510,2000
University of Virginia,1330,1500,2000
Carleton College,1350,1530,2000
Vassar College,1370,1510,2000
University of North Carolina--Chapel Hill,1270,1480,2000
Tufts University,1380,1530,2000
New York University,1310,1510,2000
University of Florida,1280,1440,2000
University of California--Santa Barbara,1230,1460,2000
Amherst College,1330,1530,2000
Hamilton College,1350,1510,2000
Colby College,1350,1510,2000
Jewish Theological Seminary of America,1340,1520,2000
University of Rochester,1320,1500,2000
Georgia Institute of Technology,1390,1540,2000
Boston College,1320,1490,2000
University of California--San Diego,1260,1470,2000
University of California--Irvine,1190,1410,2000
Wellesley College,1330,1520,2000
Claremont McKenna College,1350,1500,2000
William & Mary,1310,1490,2000
University of California--Davis,1160,1400,2000
Washington and Lee University,1348,1490,2000
Tulane University,1350,1490,2000
Middlebury College,1330,1500,2000
Colgate University,1320,1510,2000
Barnard College,1330,1500,2000
Reed College,1310,1520,2000
Case Western Reserve University,1350,1520,2000
Boston University,1330,1500,2000
Brandeis University,1280,1500,2000
University of Wisconsin--Madison,1280,1450,2000
University of Texas at Austin,1230,1480,2000
University of Illinois--Urbana-Champaign,1200,1460,2000
University of Georgia,1240,1410,2000
Macalester College,1310,1500,2000
Northeastern University,1360,1540,2000
Lehigh University,1270,1450,2000
University of Miami,1250,1430,2000
Pepperdine University,1220,1420,2000
Cooper Union for the Advancement of Science and Art,1283,1510,2000
Mount Holyoke College,1290,1500,2000
Rensselaer Polytechnic Institute,1330,1500,2000
Villanova University,1300,1470,2000
Santa Clara University,1270,1440,2000
Purdue University--West Lafayette,1180,1410,2000
Scripps College,1300,1480,2000
University of Maryland--College Park,1290,1470,2000
University of Pittsburgh--Pittsburgh Campus,1270,1430,2000
University of Washington,1220,1460,2000
Florida State University,1200,1350,2000
Syracuse University,1180,1370,2000
Oberlin College,1280,1490,2000
Trinity College,1300,1460,2000
University of Connecticut,1210,1420,2000
Rutgers University--New Brunswick,1190,1410,2000
Pennsylvania State University--University Park,990,1260,2000
University of Richmond,1290,1460,2000
Kenyon College,1280,1470,2000
Rose-Hulman Institute of Technology,1270,1480,2000
University of Minnesota--Twin Cities,1270,1480,2000
George Washington University,1280,1460,2000
Southern Methodist University,1280,1460,2000
Fordham University,1250,1430,2000
Loyola Marymount University,1210,1390,2000
University of Massachusetts--Amherst,1200,1390,2000
Texas A&M University,1170,1380,2000
Hillsdale College,1275,1465,2000
Davidson College,1290,1450,2000
Occidental College,1270,1450,2000
Connecticut College,1290,1430,2000
Babson College,1270,1450,2000
Clemson University,1220,1400,2000
Virginia Tech,1180,1390,2000
American University,1220,1380,2000
Baylor University,1190,1370,2000
Yeshiva University,1140,1400,2000
Indiana University--Bloomington,1150,1360,2000
Stevens Institute of Technology,1330,1480,2000
North Carolina State University,1250,1390,2000
Brigham Young University--Provo,1190,1420,2000
Gonzaga University,1190,1350,2000
University of Denver,1170,1370,2000
Texas Christian University,1150,1343,2000
Howard University,1140,1285,2000
Michigan State University,1110,1310,2000
Trinity University,1260,1430,2000
Lafayette College,1250,1435,2000
Whitman College,1230,1450,2000
Bucknell University,1250,1420,2000
California Polytechnic State University--San Luis Obispo,1240,1430,2000
United States Coast Guard Academy,1245,1420,2000
Binghamton University--SUNY,1310,1440,2000
Colorado School of Mines,1290,1450,2000
Stony Brook University--SUNY,1230,1420,2000
University of San Diego,1190,1360,2000
Elon University,1150,1330,2000
Marquette University,1150,1320,2000
University of Iowa,1120,1330,2000
University of California--Riverside,1110,1330,2000
University at Buffalo--SUNY,860,1040,2000
Lawrence University,1210,1450,2000
Sarah Lawrence College,1240,1420,2000
St. John's College (MD),1200,1460,2000
Rhodes College,1240,1410,2000
Bentley University,1240,1410,2000
United States Air Force Academy,1230,1410,2000
Furman University,1230,1410,2000
New College of Florida,1220,1420,2000
University of California--Santa Cruz,1190,1400,2000
University of Delaware,1160,1350,2000
University of Utah,1130,1350,2000
Auburn University,1150,1310,2000
University of Arizona,1070,1310,2000
University of California--Merced,1020,1190,2000
Wheaton College (IL),1210,1420,2000
Skidmore College,1223,1400,2000
Thomas Aquinas College,1220,1400,2000
St. John's College (NM),1200,1420,2000
Rhode Island School of Design,1180,1440,2000
Centre College,1190,1420,2000
Miami University--Oxford,1200,1380,2000
Saint Louis University,1180,1370,2000
University of Colorado Boulder,1150,1360,2000
University of South Florida,1170,1330,2000
Arizona State University--Tempe,1130,1360,2000
University of San Francisco,1130,1330,2000
University of Oregon,1080,1290,2000
CUNY--Baruch College,1220,1390,2000
New Mexico Institute of Mining and Technology,1210,1400,2000
St. Olaf College,1190,1410,2000
Savannah State University,1220,1380,2000
Denison University,1210,1380,2000
Emerson College,1200,1390,2000
Florida Polytechnic University,1220,1368,2000
Rochester Institute of Technology,1200,1400,2000
Creighton University,1150,1350,2000
University of Tennessee,1150,1330,2000
Loyola University Chicago,1120,1310,2000
University of Illinois--Chicago,1020,1220,2000
Providence College,1210,1360,2000
Kettering University,1190,1370,2000
Milwaukee School of Engineering,1188,1370,2000
New Jersey Institute of Technology,1190,1380,2000
University of South Carolina,1190,1360,2000
University of Vermont,1180,1360,2000
SUNY College of Environmental Science and Forestry,1120,1310,2000
Iowa State University,1092,1334,2000
Hendrix College,1160,1390,2000
Florida A&M University -- Florida State University,1200,1350,2000
St. Lawrence University,1190,1355,2000
DigiPen Institute of Technology,1150,1395,2000
Earlham College,1160,1380,2000
Illinois Institute of Technology,1220,1400,2000
Chapman University,1190,1370,2000
Clarkson University,1160,1350,2000
Drake University,1140,1360,2000
Seattle University,1130,1320,2000
University of Missouri,1090,1290,2000
Gallaudet University,792,1078,2000
Wofford College,1180,1350,2000
Muhlenberg College,1170,1360,2000
Wheaton College (MA),1180,1350,2000
South Dakota School of Mines and Technology,1160,1363,2000
United States Naval Academy,1150,1370,2000
Calvin University,1150,1370,2000
United States Merchant Marine Academy,1190,1330,2000
College of New Jersey,1160,1350,2000
Drexel University,1170,1380,2000
The New School,1150,1360,2000
University of St. Thomas (MN),1130,1380,2000
University of Nebraska--Lincoln,1130,1360,2000
University of Oklahoma,1140,1350,2000
University of the Pacific,1120,1350,2000
Seton Hall University,1150,1310,2000
Simmons University,1130,1300,2000
University of Dayton,1110,1310,2000
University of Kentucky,1080,1300,2000
College of Wooster,1130,1370,2000
Butler University,1170,1330,2000
Augsburg University,1173,1325,2000
College of the Ozarks,1193,1300,2000
United States Military Academy,1140,1350,2000
Hobart and William Smith Colleges,1150,1340,2000
Beloit College,1120,1360,2000
Westmont College,1110,1370,2000
CUNY--Hunter College,1150,1330,2000
Cedarville University,1130,1350,2000
John Brown University,1110,1365,2000
Covenant College,1120,1350,2000
University of Texas at Dallas,1220,1440,2000
University of Tulsa,1180,1410,2000
University of Cincinnati,1160,1370,2000
George Mason University,1120,1320,2000
Duquesne University,1130,1290,2000
San Diego State University,1110,1310,2000
University of New Hampshire,1090,1270,2000
Samford University,1072,1270,2000
University of Alabama,1060,1280,2000
University of Minnesota--Duluth,1118,1343,2000
DePauw University,1120,1340,2000
Allegheny College,1120,1340,2000
Ursinus College,1140,1320,2000
Austin College,1130,1330,2000
Southwestern University,1130,1330,2000
University of Portland,1140,1320,2000
University of Dallas,1120,1340,2000
School of the Art Institute of Chicago,1120,1340,2000
Concordia College--Moorhead,1080,1368,2000
Illinois Wesleyan University,1120,1325,2000
Hope College,1110,1330,2000
Point Loma Nazarene University,1140,1300,2000
Viterbo University,1040,1400,2000
Albany College of Pharmacy and Health Sciences,1130,1310,2000
Truman State University,1080,1358,2000
Michigan Technological University,1170,1360,2000
Oregon State University,1080,1310,2000
Louisiana State University--Baton Rouge,1070,1290,2000
Colorado State University,1070,1280,2000
Quinnipiac University,1090,1260,2000
University of Alabama at Birmingham,980,1240,2000
Rutgers University--Camden,1000,1180,2000
Wabash College,1100,1330,2000
Saint Anselm College,1120,1310,2000
University of Minnesota Morris,1080,1350,2000
Florida Southern College,1130,1300,2000
The King's College,1120,1310,2000
University of the Sciences,1120,1310,2000
Warren Wilson College,1140,1285,2000
St. Louis College of Pharmacy,1108,1313,2000
Berry College,1110,1310,2000
Dordt University,1060,1360,2000
SUNY--Geneseo,1120,1300,2000
Virginia Military Institute,1100,1310,2000
Transylvania University,1100,1310,2000
James Madison University,1120,1290,2000
Saint Joseph's University,1120,1290,2000
LeTourneau University,1090,1320,2000
University of Maryland--Baltimore County,1190,1360,2000
Mercer University,1180,1340,2000
University of Central Florida,1160,1340,2000
Hofstra University,1150,1330,2000
Belmont University,1120,1300,2000
University of Arkansas,1100,1290,2000
University at Albany--SUNY,1100,1260,2000
Valparaiso University,1070,1270,2000
Virginia Commonwealth University,1070,1260,2000
University of Mississippi,1050,1270,2000
Cornell College,1080,1320,2000
Oglethorpe University,1110,1290,2000
University of Scranton,1120,1280,2000
VanderCook College of Music,1130,1270,2000
Otterbein University,1105,1285,2000
Christopher Newport University,1110,1280,2000
Augustana University,1060,1330,2000
Messiah University,1080,1310,2000
Georgia College & State University,1110,1280,2000
School of Visual Arts,1060,1323,2000
John Carroll University,1090,1290,2000
Taylor University,1080,1300,2000
Ohio Northern University,1090,1290,2000
University of Evansville,1080,1300,2000
Whitworth University,1090,1290,2000
Bradley University,1090,1290,2000
Milligan University,1070,1310,2000
Emmanuel College (MA),1100,1280,2000
Coe College,1078,1300,2000
Adelphi University,1080,1270,2000
St. John's University (NY),1070,1270,2000
University of Rhode Island,1070,1240,2000
University of Idaho,1010,1220,2000
Appalachian State University,1100,1270,2000
Champlain College,1090,1280,2000
University of North Carolina School of the Arts,1090,1280,2000
Rockhurst University,1110,1255,2000
Luther College,1050,1310,2000
Elizabethtown College,1070,1290,2000
Grove City College,1085,1275,2000
Eckerd College,1080,1280,2000
Western Washington University,1080,1280,2000
University of Michigan--Dearborn,1070,1290,2000
Wentworth Institute of Technology,1080,1280,2000
University of Texas at Tyler,1080,1280,2000
Moore College of Art & Design,1090,1270,2000
Pratt Institute,1050,1310,2000
Thomas More College of Liberal Arts,1130,1230,2000
Augusta University,1110,1242,2000
St. Mary's College of Maryland,1060,1290,2000
Hollins University,1070,1280,2000
St. Edward's University,1080,1270,2000
SUNY Polytechnic Institute--Albany/Utica,1000,1350,2000
Le Moyne College,1080,1270,2000
Drury University,1070,1280,2000
Kennesaw State University,1080,1270,2000
New York School of Interior Design,1050,1300,2000
Missouri University of Science and Technology,1188,1380,2000
University of Massachusetts--Lowell,1150,1320,2000
University of Houston,1130,1310,2000
University of Louisville,1070,1290,2000
Ohio University,1070,1270,2000
St. John Fisher College,1080,1250,2000
CUNY--City College,1060,1240,2000
Thomas Jefferson University,1060,1240,2000
University of St. Joseph,1030,1210,2000
Washington State University,1020,1210,2000
Montclair State University,990,1170,2000
Lebanon Valley College,1068,1280,2000
Millsaps College,1080,1260,2000
Carroll College,1070,1270,2000
High Point University,1090,1250,2000
University of Redlands,1080,1260,2000
University of Tampa,1090,1250,2000
Franciscan University of Steubenville,1060,1280,2000
Hamline University,1060,1280,2000
Pacific Lutheran University,1070,1270,2000
Montana Technological University,1110,1230,2000
Andrews University,1040,1300,2000
Wichita State University,1050,1290,2000
Kettering College,1140,1200,2000
Pennsylvania State University--Harrisburg,1050,1290,2000
Westminster College (UT),1080,1258,2000
Gordon College,1050,1285,2000
SUNY Maritime College,1075,1260,2000
Brigham Young University--Hawaii,1083,1250,2000
Purchase College--SUNY,1060,1270,2000
Manhattan College,1070,1260,2000
Benedictine College,1050,1280,2000
University of West Florida,1080,1250,2000
Martin Luther College,1080,1250,2000
Principia College,1028,1300,2000
Xavier University,1070,1250,2000
College of Charleston,1070,1250,2000
California Lutheran University,1070,1250,2000
University of Mary Washington,1050,1269,2000
Canisius College,1050,1270,2000
New York Institute of Technology,1050,1270,2000
University of Alaska--Fairbanks,1050,1270,2000
University of Mary,1047,1272,2000
University of Texas at Arlington,1060,1260,2000
Maryland Institute College of Art,1030,1290,2000
Otis College of Art and Design,1050,1270,2000
University of North Carolina--Wilmington,1190,1320,2000
Florida International University,1090,1260,2000
Oklahoma State University,1060,1280,2000
Biola University,1060,1260,2000
Pacific University,1060,1250,2000
University of Detroit Mercy,1050,1250,2000
University of New Mexico,1030,1270,2000
Rowan University,1008,1223,2000
Saint Mary's College,1050,1260,2000
Salem College,1050,1260,2000
University of North Carolina Asheville,1060,1250,2000
St. Mary's College of California,1060,1250,2000
University of St. Thomas (TX),1060,1250,2000
Freed-Hardeman University,1010,1300,2000
Lawrence Technological University,1030,1280,2000
SUNY--Oswego,1070,1240,2000
Ave Maria University,1050,1260,2000
University of New Orleans,1050,1260,2000
University of Northwestern--St. Paul,1053,1248,2000
Spelman College,1080,1220,2000
Hampden-Sydney College,1050,1250,2000
Hanover College,1040,1260,2000
Simpson College,1050,1250,2000
Northwestern College,1050,1250,2000
St. Mary's University of San Antonio,1050,1250,2000
William Jewell College,1030,1270,2000
Arcadia University,1050,1250,2000
Oklahoma Christian University,1020,1280,2000
CUNY--Brooklyn College,1060,1240,2000
Arizona State University--West,1050,1250,2000
Ouachita Baptist University,1040,1250,2000
California State University--Long Beach,1040,1250,2000
San Jose State University,1030,1260,2000
Monmouth University,1040,1250,2000
Molloy College,1060,1230,2000
Springfield College,1050,1240,2000
St. Francis University,1040,1250,2000
Grand Valley State University,1050,1240,2000
Ramapo College of New Jersey,1050,1240,2000
Cleveland Institute of Art,1060,1230,2000
Johnson University (TN),1050,1240,2000
Baldwin Wallace University,1030,1250,2000
California State Polytechnic University--Pomona,1020,1260,2000
Nebraska Wesleyan University,1010,1270,2000
St. Bonaventure University,1040,1240,2000
University of Washington--Bothell,1030,1250,2000
McDaniel College,1050,1230,2000
Carroll University,1050,1230,2000
CUNY--Queens College,1060,1220,2000
SUNY--Plattsburgh,1050,1230,2000
University of Louisiana at Lafayette,1030,1250,2000
University of South Alabama,1040,1240,2000
University of Wyoming,1050,1280,2000
Bethel University (MN),1033,1286,2000
Loyola University New Orleans,1060,1240,2000
Seattle Pacific University,1030,1240,2000
Maryville University of St. Louis,1020,1240,2000
Towson University,1060,1200,2000
Robert Morris University,1030,1200,2000
Indiana University-Purdue University--Indianapolis,1000,1200,2000
California State University--Fresno,920,1120,2000
Roanoke College,1040,1230,2000
Centenary College,1050,1220,2000
Oregon Tech,1030,1240,2000
Carthage College,1020,1250,2000
Abilene Christian University,1040,1230,2000
St. Mary's University of Minnesota,1030,1240,2000
Northwest Nazarene University,1020,1250,2000
Florida Gulf Coast University,1060,1210,2000
Southeast Missouri State University,1030,1240,2000
Grace College and Seminary,1020,1250,2000
Northwestern Oklahoma State University,1030,1240,2000
Mississippi College,1030,1236,2000
Maranatha Baptist University,1043,1218,2000
Randolph-Macon College,1020,1240,2000
Birmingham-Southern College,1040,1220,2000
Saint Vincent College,1030,1230,2000
Hartwick College,1070,1190,2000
Alma College,1040,1220,2000
California State University--Fullerton,1040,1220,2000
Southern Utah University,1010,1250,2000
SUNY College--Cortland,1060,1200,2000
Georgia Southern University,1060,1200,2000
Middle Tennessee State University,1020,1240,2000
University of Texas at San Antonio,1040,1220,2000
University of Toledo,1020,1240,2000
MCPHS University,1030,1230,2000
Savannah College of Art and Design,1030,1230,2000
University of North Georgia,1025,1230,2000
Spring Arbor University,1025,1230,2000
Northwest University,1030,1225,2000
Queens University of Charlotte,1033,1218,2000
Webster University,1008,1243,2000
Albion College,1010,1240,2000
Moravian College,1050,1200,2000
Flagler College,1030,1220,2000
Massachusetts Maritime Academy,1050,1200,2000
Mills College,1008,1240,2000
Suffolk University,1030,1220,2000
Concordia University (CA),1030,1220,2000
West Chester University of Pennsylvania,1050,1200,2000
University of New Haven,1030,1220,2000
York College of Pennsylvania,1020,1230,2000
Boise State University,1030,1220,2000
Marymount Manhattan College,1030,1220,2000
Oakland University,1010,1240,2000
Trevecca Nazarene University,1010,1240,2000
Minneapolis College of Art and Design,1030,1220,2000
Dominican University of California,1035,1210,2000
Berea College,1030,1213,2000
Whittier College,1030,1213,2000
Florida Institute of Technology,1150,1340,2000
Union University,1110,1360,2000
Mississippi State University,1070,1330,2000
Lipscomb University,1060,1320,2000
Bellarmine University,1060,1270,2000
Georgia State University,1060,1250,2000
University of Maine,1050,1250,2000
Misericordia University,1040,1200,2000
Widener University,1020,1200,2000
Illinois State University,1010,1190,2000
Oral Roberts University,1015,1225,2000
Murray State University,1028,1213,2000
North Central University,1033,1208,2000
St. Norbert College,1030,1210,2000
Wells College,1010,1230,2000
Converse College,1040,1200,2000
Lewis University,1040,1200,2000
Western Carolina University,1030,1210,2000
Saint Martin's University,1020,1220,2000
The Master's University and Seminary,990,1250,2000
Trine University,1010,1230,2000
Hawaii Pacific University,1020,1220,2000
DeSales University,1010,1230,2000
Roberts Wesleyan College,1010,1230,2000
University of Sioux Falls,1060,1180,2000
Geneva College,1000,1240,2000
Aquinas College,1010,1230,2000
Bethany Lutheran College,1050,1190,2000
Emmaus Bible College,950,1290,2000
University of Houston--Clear Lake,1040,1200,2000
Bryan College,974,1262,2000
Missouri State University,1018,1220,2000
Anderson University (SC),958,1275,2000
Corban University,1030,1200,2000
Indiana Wesleyan University--Marion,1010,1220,2000
Eastern Mennonite University,1000,1230,2000
University of Mary Hardin-Baylor,1030,1200,2000
McKendree University,960,1270,2000
Houston Baptist University,1030,1200,2000
Stevenson University,1030,1200,2000
Southern Illinois University Edwardsville,1010,1220,2000
Lyon College,1040,1188,2000
University of La Verne,1020,1205,2000
University of Northern Iowa,980,1241,2000
William Woods University,996,1225,2000
Linfield University,1020,1200,2000
Westminster College (PA),1000,1220,2000
Presbyterian College,1010,1210,2000
Massachusetts College of Liberal Arts,990,1230,2000
Morehouse College,1010,1210,2000
Westminster College (MO),1030,1190,2000
Brigham Young University--Idaho,1010,1210,2000
Niagara University,1020,1200,2000
Marian University (IN),1020,1200,2000
University of Pittsburgh--Johnstown,1020,1200,2000
Brescia University,1000,1220,2000
Olivet Nazarene University,1000,1220,2000
Charleston Southern University,1020,1200,2000
St. Joseph's College--Long Island,1020,1200,2000
Eastern University,1030,1190,2000
Southern Arkansas University,1000,1220,2000
Northern Kentucky University,990,1230,2000
Palm Beach Atlantic University,1000,1220,2000
University of Colorado--Colorado Springs,1010,1210,2000
Wisconsin Lutheran College,1016,1198,2000
University of Puerto Rico--Cayey,998,1215,2000
Ripon College,1000,1210,2000
St. Ambrose University,1020,1190,2000
Capital University,1000,1210,2000
Mount St. Mary's University,1000,1210,2000
St. Joseph's College--Brooklyn,1020,1190,2000
Eastern Kentucky University,1020,1190,2000
Faulkner University,1020,1190,2000
Fort Lewis College,1010,1200,2000
Sierra Nevada University,1020,1190,2000
Faith Baptist Bible College and Theological Seminary,950,1260,2000
West Virginia University Institute of Technology,1020,1190,2000
Lycoming College,1010,1198,2000
University of Illinois--Springfield,990,1218,2000
Goshen College,995,1210,2000
Xavier University of Louisiana,1016,1189,2000
Ashland University,975,1230,2000
Southwest Baptist University,990,1213,2000
Wright State University,970,1233,2000
Texas Tech University,1070,1240,2000
University of Hartford,1050,1250,2000
Wilkes University,1050,1240,2000
Pace University,1060,1220,2000
Regis University,1050,1230,2000
Kent State University,1030,1210,2000
East Carolina University,1040,1190,2000
University of Massachusetts--Dartmouth,990,1190,2000
Marietta College,990,1210,2000
College of St. Benedict,1000,1200,2000
Meredith College,1000,1200,2000
Bryn Athyn College of the New Church,996,1203,2000
Sweet Briar College,990,1210,2000
LaGrange College,1020,1180,2000
University of North Alabama,1010,1190,2000
Coastal Carolina University,1030,1170,2000
Marywood University,1010,1190,2000
SUNY Brockport,1020,1180,2000
Lancaster Bible College,1000,1200,2000
Spring Hill College,1015,1185,2000
University of Tennessee--Chattanooga,990,1210,2000
John Paul the Great Catholic University,960,1240,2000
Southern Virginia University,960,1237,2000
Judson College,1030,1165,2000
Oklahoma Baptist University,990,1200,2000
California State University--Chico,1000,1190,2000
Stockton University,1000,1190,2000
Rider University,1000,1190,2000
California Baptist University,990,1200,2000
Winona State University,1000,1190,2000
Mississippi University for Women,1080,1110,2000
Reinhardt University,1000,1190,2000
Mount St. Mary College,1020,1170,2000
Roosevelt University,1010,1180,2000
Saginaw Valley State University,990,1200,2000
Texas State University,1010,1180,2000
Elmhurst University,993,1190,2000
Loras College,998,1183,2000
Wartburg College,1020,1160,2000
Maine Maritime Academy,1000,1180,2000
Lee University,960,1220,2000
Walsh University,990,1190,2000
Stephens College,970,1210,2000
Ursuline College,1020,1160,2000
Carlow University,1000,1180,2000
Slippery Rock University of Pennsylvania,1010,1170,2000
Dakota State University,960,1220,2000
Newman University,1000,1180,2000
Rockford University,990,1190,2000
University of Michigan--Flint,980,1200,2000
University of Northern Colorado,990,1190,2000
University of Minnesota--Crookston,998,1176,2000
University of the Cumberlands,995,1180,2000
Millikin University,960,1210,2000
Farmingdale State College--SUNY,1010,1160,2000
University of Washington--Tacoma,980,1190,2000
Hardin-Simmons University,1000,1170,2000
Huntington University,990,1180,2000
Alfred University,970,1200,2000
North Greenville University,850,1320,2000
Western Colorado University,1000,1170,2000
Point Park University,980,1190,2000
Millersville University of Pennsylvania,990,1180,2000
Northwest Missouri State University,976,1193,2000
Liberty University,970,1200,2000
Stephen F. Austin State University,990,1180,2000
Western Kentucky University,980,1190,2000
Northwood University,990,1180,2000
University of Mount Union,968,1200,2000
Benedictine University,980,1188,2000
University of North Carolina--Charlotte,1120,1270,2000
Nova Southeastern University,1080,1290,2000
University of Nevada--Reno,1070,1280,2000
Western New England University,1060,1250,2000
Azusa Pacific University,1020,1240,2000
George Fox University,1020,1230,2000
Gannon University,1020,1220,2000
University of Colorado Denver,1020,1210,2000
University of St. Francis,1030,1190,2000
Lincoln Memorial University,1003,1198,2000
Edgewood College,970,1220,2000
University of Indianapolis,990,1180,2000
Clarke University,930,1096,2000
Rocky Mountain College,990,1175,2000
Lubbock Christian University,955,1210,2000
Westfield State University,1000,1165,2000
Heidelberg University,990,1170,2000
McPherson College,990,1170,2000
Iona College,990,1170,2000
Anderson University (IN),1000,1160,2000
Lynn University,990,1170,2000
Concordia University Chicago,990,1170,2000
University of Southern Indiana,980,1180,2000
Becker College,980,1180,2000
Cleveland State University,960,1200,2000
Georgetown College,1015,1145,2000
Lindenwood University,1000,1160,2000
Louisiana State University--Shreveport,1020,1140,2000
Northern Illinois University,970,1190,2000
Virginia Wesleyan University,980,1180,2000
Muskingum University,976,1180,2000
West Virginia Wesleyan College,975,1180,2000
Cairn University,955,1200,2000
Southern Baptist Theological Seminary,950,1203,2000
Monmouth College,980,1170,2000
Franklin College,980,1170,2000
Randolph College,960,1190,2000
Texas Lutheran University,990,1160,2000
Sonoma State University,980,1170,2000
Kansas Wesleyan University,980,1170,2000
Piedmont College,970,1180,2000
Northern Michigan University,970,1180,2000
Fitchburg State University,1000,1150,2000
Central Connecticut State University,980,1170,2000
Purdue University--Fort Wayne,970,1180,2000
Youngstown State University,960,1190,2000
Lasell University,980,1170,2000
Bridgewater College,980,1170,2000
East Tennessee State University,970,1180,2000
Wingate University,980,1170,2000
Capitol Technology University,1000,1150,2000
College for Creative Studies,960,1190,2000
Huntingdon College,998,1150,2000
University of Saint Mary,975,1170,2000
Emory and Henry College,980,1160,2000
University of Pittsburgh at Bradford,980,1160,2000
Bethel University (IN),970,1170,2000
Humboldt State University,970,1170,2000
Lenoir-Rhyne University,960,1180,2000
SUNY--Fredonia,970,1170,2000
Delta State University,950,1190,2000
West Texas A&M University,970,1170,2000
Shippensburg University of Pennsylvania,970,1170,2000
Bridgewater State University,990,1150,2000
Bloomsburg University of Pennsylvania,990,1150,2000
Texas A&M University--Corpus Christi,980,1160,2000
University of Arkansas at Little Rock,950,1190,2000
University of Central Arkansas,970,1170,2000
Valdosta State University,1000,1140,2000
Pacific Union College,950,1190,2000
Austin Peay State University,958,1178,2000
Black Hills State University,958,1180,2000
Ohio Valley University,960,1175,2000
William Jessup University,960,1173,2000
Longwood University,980,1150,2000
Belmont Abbey College,950,1180,2000
Marymount University,950,1180,2000
Lake Superior State University,970,1160,2000
Madonna University,960,1170,2000
Waynesburg University,980,1150,2000
Malone University,940,1190,2000
Auburn University at Montgomery,990,1140,2000
Walla Walla University,920,1210,2000
Cornerstone University,950,1180,2000
Judson University,950,1180,2000
Mount St. Joseph University,990,1140,2000
Northern State University,930,1200,2000
Delaware Valley University,970,1160,2000
Shepherd University,970,1160,2000
Texas Woman's University,970,1160,2000
University of Hawaii--Hilo,960,1170,2000
Cabarrus College of Health Sciences,990,1140,2000
Manhattan Christian College,850,1280,2000
Carson-Newman University,960,1168,2000
Simpson University,966,1160,2000
SUNY College of Technology at Alfred,950,1170,2000
Hiram College,930,1190,2000
California State University--Monterey Bay,960,1160,2000
Toccoa Falls College,960,1160,2000
Eureka College,950,1170,2000
Central Washington University,960,1160,2000
CUNY--John Jay College of Criminal Justice,980,1140,2000
West Liberty University,820,1300,2000
Southern Wesleyan University,970,1150,2000
Texas A&M University--Texarkana,990,1130,2000
Salem State University,980,1140,2000
Aurora University,970,1150,2000
LIM College,970,1150,2000
Lincoln Christian University,940,1180,2000
North Park University,950,1167,2000
Oklahoma City University,1090,1280,2000
Utah State University,1050,1290,2000
University of Findlay,1052,1247,2000
West Virginia University,1050,1240,2000
Immaculata University,1015,1220,2000
Florida A&M University,1040,1170,2000
Shenandoah University,980,1190,2000
New Mexico State University,940,1160,2000
San Diego Christian College,973,1140,2000
Winthrop University,950,1160,2000
Trinity Christian College,950,1160,2000
Saint Leo University,960,1150,2000
San Francisco State University,950,1160,2000
Union College (NE),980,1130,2000
York College,950,1160,2000
King University,950,1160,2000
Coker College,950,1160,2000
Methodist University,960,1150,2000
Midway University,960,1150,2000
McNeese State University,970,1140,2000
Cedar Crest College,940,1170,2000
Minnesota State University--Moorhead,920,1190,2000
Kutztown University of Pennsylvania,970,1140,2000
Wilson College,980,1130,2000
Concordia University Texas,940,1170,2000
Eastern Nazarene College,920,1190,2000
Ferris State University,940,1170,2000
Louisiana College,940,1170,2000
Southeastern University,950,1160,2000
Trinity International University,960,1150,2000
Fresno Pacific University,968,1140,2000
Caldwell University,960,1148,2000
Henderson State University,978,1130,2000
Jacksonville University,900,1205,2000
Troy University,960,1145,2000
University of Saint Francis,955,1150,2000
Upper Iowa University,935,1170,2000
Keene State College,960,1140,2000
McMurry University,950,1150,2000
Quincy University,960,1140,2000
Chaminade University of Honolulu,970,1130,2000
California State University--San Marcos,960,1140,2000
Tarleton State University,960,1140,2000
University of Texas of the Permian Basin,970,1130,2000
Edinboro University of Pennsylvania,960,1140,2000
Avila University,990,1110,2000
Blackburn College,960,1140,2000
Franklin Pierce University,970,1130,2000
Indiana University Southeast,950,1150,2000
Texas A&M University--Commerce,960,1140,2000
Adrian College,940,1156,2000
Campbellsville University,940,1153,2000
Central College,915,1175,2000
Schreiner University,960,1130,2000
University of South Carolina--Aiken,950,1140,2000
Culver-Stockton College,950,1140,2000
Limestone University,960,1130,2000
CUNY--Lehman College,980,1110,2000
Mount Vernon Nazarene University,960,1130,2000
SUNY College--Oneonta,910,1180,2000
St. Thomas University,950,1140,2000
Framingham State University,960,1130,2000
University of Southern Maine,940,1150,2000
Montana State University,1090,1320,2000
St. Catherine University,1119,1263,2000
Harding University,1060,1300,2000
University of North Texas,1060,1260,2000
University of New England,1050,1240,2000
University of South Dakota,1030,1260,2000
Lesley University,938,1293,2000
Wayne State University,1010,1210,2000
Central Michigan University,1000,1200,2000
Florida College,960,1128,2000
Tusculum University,960,1125,2000
University of Virginia--Wise,950,1130,2000
Cottey College,970,1110,2000
Dominican University,950,1130,2000
Tennessee Wesleyan University,920,1160,2000
Central Methodist University -- College of Liberal Arts and Sciences,950,1130,2000
Emmanuel College (GA),930,1150,2000
University of Jamestown,950,1130,2000
Fontbonne University,930,1150,2000
Saint Xavier University,950,1130,2000
Thomas More University,960,1120,2000
Emporia State University,900,1178,2000
Northwestern State University of Louisiana,920,1160,2000
Alvernia University,950,1130,2000
Clarion University of Pennsylvania,950,1130,2000
Indiana University--Kokomo,950,1130,2000
Lourdes University,940,1140,2000
Mansfield University of Pennsylvania,950,1130,2000
Mary Baldwin University,950,1130,2000
Southwestern Assemblies of God University,950,1130,2000
Cleary University,930,1150,2000
Martin Methodist College,983,1093,2000
Woodbury University,946,1130,2000
Eastern Oregon University,940,1133,2000
Regent University,958,1113,2000
Maryville College,910,1160,2000
Erskine College,930,1140,2000
Hastings College,940,1130,2000
California State University--Sacramento,940,1130,2000
Ottawa University,950,1120,2000
Vanguard University of Southern California,950,1120,2000
Notre Dame of Maryland University,930,1140,2000
Southern Oregon University,920,1150,2000
Greenville University,920,1150,2000
Concordia College--New York,950,1120,2000
Husson University,930,1140,2000
Lamar University,950,1120,2000
Texas A&M University--Kingsville,940,1130,2000
University of Texas--El Paso,940,1130,2000
University of Ottawa,950,1120,2000
Georgian Court University,935,1130,2000
Menlo College,916,1150,2000
Truett McConnell University,920,1143,2000
East Texas Baptist University,960,1100,2000
Mount Saint Mary's University,930,1130,2000
Mount Aloysius College,940,1120,2000
California State University--Northridge,930,1130,2000
Columbia International University,940,1120,2000
Buena Vista University,920,1140,2000
Shorter University,920,1140,2000
Saint Peter's University,940,1120,2000
Chestnut Hill College,940,1120,2000
Abraham Baldwin Agricultural College,930,1130,2000
Clark Atlanta University,950,1110,2000
Crown College,900,1160,2000
Dominican College,940,1120,2000
Eastern Michigan University,890,1170,2000
Georgia Southwestern State University,940,1120,2000
Graceland University,950,1110,2000
Indiana University--South Bend,930,1130,2000
Montreat College,920,1140,2000
Young Harris College,930,1130,2000
University of Montana Western,940,1120,2000
York University,930,1130,2000
Presentation College,963,1093,2000
College of St. Scholastica,1050,1270,2000
University of Montana,1040,1260,2000
University of Nevada--Las Vegas,1030,1240,2000
University of Missouri--St. Louis,1020,1230,2000
Campbell University,1030,1210,2000
Southern Illinois University--Carbondale,1000,1210,2000
University of North Dakota,980,1230,2000
Old Dominion University,990,1200,2000
University of Memphis,970,1210,2000
Western Michigan University,990,1190,2000
University of North Carolina--Greensboro,990,1160,2000
Baker University,930,1175,2000
Bowling Green State University,880,1100,2000
Arizona Christian University,930,1125,2000
University of Nebraska--Kearney,935,1120,2000
North Central College,853,1200,2000
Lake Erie College,923,1130,2000
Catawba College,910,1140,2000
Howard Payne University,950,1100,2000
Mars Hill University,920,1130,2000
Greensboro College,910,1140,2000
Lander University,930,1120,2000
MidAmerica Nazarene University,910,1140,2000
Minot State University,920,1130,2000
Gwynedd Mercy University,940,1110,2000
Southern Connecticut State University,920,1130,2000
Curry College,940,1110,2000
Rosemont College,910,1140,2000
University of Charleston,906,1143,2000
Northeastern State University,918,1123,2000
Appalachian Bible College,910,1130,2000
Wesleyan College,930,1110,2000
Barton College,920,1120,2000
Newberry College,920,1120,2000
University of Hawaii--West Oahu,930,1110,2000
Brenau University,910,1130,2000
Tabor College,920,1120,2000
Bluefield State College,920,1120,2000
Wheeling University,910,1130,2000
Western Illinois University,930,1110,2000
Midwestern State University,940,1100,2000
Colorado State University--Pueblo,920,1120,2000
Concord University,920,1120,2000
Frostburg State University,930,1110,2000
East Central University,930,1110,2000
Indiana University East,920,1120,2000
Missouri Baptist University,930,1110,2000
Williams Baptist University,920,1120,2000
Calvary University,890,1150,2000
University of Hawaii--Maui College,930,1110,2000
University of Mount Olive,918,1116,2000
University of South Carolina--Beaufort,915,1120,2000
University of South Carolina--Upstate,920,1110,2000
Castleton University,920,1110,2000
Grand View University,920,1110,2000
Saint Mary-of-the-Woods College,920,1110,2000
Eastern Illinois University,920,1110,2000
Texas A&M International University,930,1100,2000
Pfeiffer University,900,1130,2000
Angelo State University,920,1110,2000
Lock Haven University of Pennsylvania,920,1110,2000
College of Mount St. Vincent,930,1100,2000
St. Thomas Aquinas College,910,1120,2000
East Stroudsburg University,910,1120,2000
Indiana State University,910,1120,2000
Texas Wesleyan University,930,1100,2000
Waldorf University,920,1110,2000
University of Baltimore,910,1115,2000
Holy Family University,935,1090,2000
Midland University,920,1105,2000
Midwestern Baptist Theological Seminary,960,1065,2000
Oakland City University,912,1110,2000
Southwestern Adventist University,910,1110,2000
Dean College,910,1110,2000
Wilmington College,930,1090,2000
Alderson Broaddus University,920,1100,2000
La Sierra University,900,1120,2000
Hope International University,930,1090,2000
Cumberland University,930,1090,2000
Ohio Dominican University,920,1100,2000
La Roche University,910,1110,2000
American International College,920,1100,2000
Bethany College (KS),890,1130,2000
Southern University and A&M College,930,1090,2000
University of Houston--Downtown,940,1080,2000
Johnson University (FL),910,1110,2000
SUNY College of Technology--Delhi,920,1090,2000
University of Maine--Fort Kent,900,1110,2000
Friends University,920,1090,2000
College of Coastal Georgia,910,1100,2000
Fisk University,890,1120,2000
Indiana University Northwest,910,1100,2000
Metropolitan State University of Denver,900,1110,2000
Texas A&M University--San Antonio,930,1080,2000
University of North Florida,1120,1280,2000
University of Alabama--Huntsville,1010,1380,2000
University of Missouri--Kansas City,1030,1340,2000
Dallas Baptist University,1090,1270,2000
Florida Atlantic University,1080,1240,2000
Long Island University,1060,1260,2000
Tennessee Technological University,1050,1260,2000
University of Akron,990,1250,2000
Sam Houston State University,1000,1140,2000
University of the Incarnate Word,950,1140,2000
William Carey University,930,1150,2000
North Carolina Agricultural and Technical State University,950,1110,2000
University of North Carolina--Pembroke,925,1080,2000
Kentucky Wesleyan College,830,1173,2000
SUNY College--Old Westbury,950,1053,2000
Union College (KY),936,1066,2000
Lewis-Clark State College,890,1110,2000
William Peace University,920,1080,2000
Sterling College (KS),930,1070,2000
University of North Texas--Dallas,920,1080,2000
Neumann University,910,1090,2000
California University of Pennsylvania,900,1100,2000
Felician University,920,1080,2000
Morgan State University,920,1080,2000
University of West Georgia,920,1080,2000
Life Pacific College,900,1096,2000
Concordia University (NE),890,1100,2000
California State University--San Bernardino,910,1080,2000
Davis and Elkins College,910,1080,2000
Valley City State University,900,1090,2000
Fairmont State University,900,1090,2000
Marian University (WI),900,1090,2000
Rhode Island College,890,1100,2000
Barry University,910,1080,2000
Colorado Mesa University,940,1050,2000
Our Lady of the Lake University,910,1080,2000
University of Bridgeport,900,1090,2000
Our Lady of the Lake College,910,1080,2000
Iowa Wesleyan University,928,1060,2000
SUNY College of Technology--Canton,900,1080,2000
Warner University,890,1090,2000
William Paterson University of New Jersey,890,1090,2000
Missouri Valley College,890,1090,2000
Wayland Baptist University,890,1090,2000
Art Academy of Cincinnati,880,1100,2000
University of Mobile,890,1087,2000
Nyack College,868,1108,2000
University of Puerto Rico--Aguadilla,871,1103,2000
Southwestern Christian University,895,1080,2000
Criswell College,888,1083,2000
California State University--Los Angeles,890,1080,2000
Bluffton University,870,1100,2000
Rochester University,870,1100,2000
Columbus State University,870,1100,2000
Kean University,890,1080,2000
Finlandia University,890,1080,2000
Purdue University--Northwest,930,1040,2000
Point University,880,1085,2000
Trinity Bible College and Graduate School,810,1155,2000
North Dakota State University,1083,1275,2000
South Dakota State University,1010,1260,2000
Portland State University,1010,1230,2000
D'Youville College,1030,1200,2000
Gardner-Webb University,970,1180,2000
University of Texas--Rio Grande Valley,950,1120,2000
Marshall University,910,1130,2000
Indiana University of Pennsylvania,910,1120,2000
Delaware State University,840,1010,2000
Bluefield College,898,1063,2000
Dakota Wesleyan University,900,1060,2000
Thiel College,860,1100,2000
North Carolina Wesleyan College,870,1090,2000
Middle Georgia State University,880,1080,2000
Kentucky Christian University,920,1040,2000
Nicholls State University,870,1090,2000
Alcorn State University,820,1140,2000
Centenary University,870,1090,2000
Oakwood University,942,1010,2000
SUNY Cobleskill,860,1090,2000
North Carolina Central University,900,1050,2000
Eastern Washington University,870,1080,2000
University of Dubuque,850,1100,2000
Adams State University,870,1080,2000
Bethany College (WV),890,1060,2000
Lakeland University,870,1080,2000
Medaille College,850,1100,2000
CUNY--York College,890,1050,2000
Prairie View A&M University,890,1050,2000
Webber International University,876,1060,2000
Haskell Indian Nations University,918,1020,2000
Elizabeth City State University,890,1040,2000
University of Arkansas--Pine Bluff,890,1040,2000
Notre Dame de Namur University,870,1060,2000
Eastern New Mexico University,860,1070,2000
Washington Adventist University,860,1070,2000
Life University,860,1070,2000
Defiance College,855,1070,2000
Chicago State University,905,1020,2000
Ferrum College,870,1053,2000
Indiana Tech,753,1168,2000
Blue Mountain College,890,1030,2000
Tuskegee University,860,1060,2000
Olivet College,850,1070,2000
West Virginia State University,880,1040,2000
Winston-Salem State University,890,1030,2000
Fayetteville State University,890,1030,2000
Bloomfield College,860,1060,2000
Notre Dame College of Ohio,860,1060,2000
University of Maryland Eastern Shore,870,1050,2000
Charles R. Drew University of Medicine and Science,850,1070,2000
Jackson State University,850,1068,2000
Brewton-Parker College,860,1055,2000
Christ College of Nursing and Health Sciences,881,1033,2000
Central Baptist College,880,1030,2000
Coppin State University,880,1030,2000
New Jersey City University,850,1060,2000
Governors State University,860,1045,2000
Fort Valley State University,833,1070,2000
Alice Lloyd College,870,1030,2000
Kuyper College,850,1050,2000
SUNY Buffalo State,860,1040,2000
Southwest Minnesota State University,865,1030,2000
Cardinal Stritch University,872,1023,2000
Bethel University (TN),820,1072,2000
Claflin University,830,1060,2000
SUNY Morrisville,850,1040,2000
Gordon State College,850,1040,2000
Tougaloo College,790,1100,2000
Alabama Agricultural and Mechanical University,850,1030,2000
Lincoln University (PA),860,1020,2000
University of West Alabama,860,1020,2000
Mid-Atlantic Christian University,828,1046,2000
Averett University,890,980,2000
South Carolina State University,860,1010,2000
Edward Waters College,830,1040,2000
Albertus Magnus College,810,1050,2000
Mount Marty University,810,1050,2000
Andrew College,820,1040,2000
Virginia State University,840,1010,2000
Grambling State University,830,1018,2000
Wesley College,820,1023,2000
Jacksonville State University,910,930,2000
Francis Marion University,810,1030,2000
Louisiana Tech University,870,970,2000
University of Science and Arts of Oklahoma,815,1010,2000
Kentucky State University,820,1003,2000
Texas Southern University,830,990,2000
Chowan University,810,1000,2000
Bennett College,800,1000,2000
Huston-Tillotson University,810,980,2000
Johnson C. Smith University,810,980,2000
Paine College,780,980,2000
Virginia Union University,782,970,2000
Oklahoma Wesleyan University,690,1039,2000
Bacone College,820,895,2000
St. Augustine's University,765,940,2000
Livingstone College,770,930,2000
Baptist College of Florida,830,870,2000
Albany State University,750,900,2000
Paul Quinn College,712,928,2000
Central State University,710,880,2000
Holy Names University,713,870,2000
Wilberforce University,731,850,2000
Central Penn College,660,910,2000
Lincoln College,700,810,2000